UNIDADES (DPTOS),PROYECTO
,Beyond
,Beyond
1er,Beyond
,Beyond
,Beyond
,Beyond
2do,Beyond
,Beyond
,Beyond
,Beyond
,Beyond
,Beyond
3ro,Beyond
,Beyond
,Beyond
,Beyond
,Beyond
,Beyond
4to,Beyond
,Beyond
,Beyond
,Beyond
,Beyond
,Beyond
5to,Beyond
,Beyond
,Beyond
,Beyond
,Beyond
,Beyond
6to,Beyond
,Beyond
,Beyond
,Beyond
,Beyond
,Beyond
7mo,Beyond
,Beyond
,Beyond
,Beyond
,Beyond
,Beyond
8vo,Beyond
,Beyond
,Beyond
,Beyond
,Beyond
,Beyond
9no,Beyond
,Beyond
,Beyond
,Beyond
,Beyond
,Beyond
10mo,Beyond
,Beyond
,Beyond
,Beyond
,Beyond
,Beyond
11vo,Beyond
,Beyond
,Beyond
,Beyond
,Beyond
,Beyond
12vo,Beyond
,Beyond
,Beyond
,Beyond
,Beyond
,Beyond
13vo,Beyond
,Beyond
,Beyond
,Beyond
,Beyond
,Beyond
14vo,Beyond
,Beyond
,Beyond
,Beyond
,Beyond
,Beyond
15vo,Beyond
,Beyond
,Beyond
,Beyond
,Beyond
,Beyond
16vo,Beyond
,Beyond
,Beyond
,Beyond
,Beyond
,Beyond
17vo,Beyond
,Beyond
,Beyond
,Beyond
,Beyond
,Beyond
SOTANO 1.,Beyond
,Beyond
,Beyond
,Beyond
,Beyond
,Beyond
,Beyond
,Beyond
,Beyond
,Beyond
,Beyond
,Beyond
,Beyond
,Beyond
,Beyond
,Beyond
,Beyond
,Beyond
,Beyond
,Beyond
,Beyond
SOTANO 2.,Beyond
,Beyond
,Beyond
,Beyond
,Beyond
,Beyond
,Beyond
,Beyond
,Beyond
,Beyond
,Beyond
,Beyond
,Beyond
,Beyond
,Beyond
,Beyond
,Beyond
,Beyond
,Beyond
SOTANO 3.,Beyond
,Beyond
,Beyond
,Beyond
,Beyond
,Beyond
,Beyond
,Beyond
,Beyond
,Beyond
,Beyond
,Beyond
,Beyond
,Beyond
,Beyond
,Beyond
,Beyond
,Beyond
,Beyond
SOTANO 4.,Beyond
,Beyond
,Beyond
,Beyond
,Beyond
,Beyond
,Beyond
,Beyond
,Beyond
,Beyond
,Beyond
,Beyond
,Prada
,Prada
1ro,Prada
,Prada
,Prada
,Prada
2do,Prada
,Prada
,Prada
,Prada
,Prada
3ro,Prada
,Prada
,Prada
,Prada
,Prada
4to,Prada
,Prada
,Prada
,Prada
,Prada
5to,Prada
,Prada
,Prada
,Prada
,Prada
6to,Prada
,Prada
,Prada
,Prada
,Prada
7mo,Prada
,Prada
,Prada
,Prada
,Prada
8vo,Prada
,Prada
,Prada
,Prada
,Prada
,Prada
,Prada
9no,Prada
,Prada
,Prada
10mo,Prada
,Prada
,Prada
,Prada
,Prada
11vo,Prada
,Prada
,Prada
,Prada
,Prada
INGRESO,Prada
,Prada
SEMISOTANO,Prada
,Prada
,Prada
,Prada
,Prada
,Prada
,Prada
,Prada
,Prada
,Prada
,Prada
,Prada
,Prada
,Prada
SOTANO 1,Prada
,Prada
,Prada
,Prada
,Prada
,Prada
,Prada
,Prada
,Prada
,Prada
,Prada
,Prada
,Prada
,Prada
SOTANO 2,Prada
,Prada
,Prada
,Prada
,Prada
,Prada
,Prada
,Prada
,Prada
,Prada
,Prada
,Prada
,Prada
,Prada
SOTANO 3,Prada
,Prada
,Prada
,Prada
,Prada
,Prada
,Prada
,Prada
,Prada
,Venecia
,Venecia
1er,Venecia
,Venecia
,Venecia
,Venecia
,Venecia
2do,Venecia
,Venecia
,Venecia
,Venecia
,Venecia
3ro,Venecia
,Venecia
,Venecia
,Venecia
,Venecia
4to,Venecia
,Venecia
,Venecia
,Venecia
,Venecia
5to,Venecia
,Venecia
,Venecia
,Venecia
,Venecia
6to,Venecia
,Venecia
,Venecia
,Venecia
,Venecia
7mo,Venecia
,Venecia
,Venecia
,Venecia
,Venecia
8vo,Venecia
,Venecia
,Venecia
,Venecia
,Venecia
9no,Venecia
,Venecia
,Venecia
,Venecia
,Venecia
10mo,Venecia
,Venecia
,Venecia
,Venecia
,Venecia
INGRESO,Venecia
,Venecia
,Venecia
SEMISOTANO,Venecia
,Venecia
,Venecia
,Venecia
,Venecia
,Venecia
,Venecia
,Venecia
,Venecia
,Venecia
,Venecia
,Venecia
,Venecia
,Venecia
SOTANO,Venecia
,Venecia
,Venecia
,Venecia
,Venecia
,Venecia
,Venecia
,Venecia
,Venecia
,Venecia
,Venecia
,Venecia
,Venecia
,Venecia
,Venecia
SS,Venecia
SOTANO,Venecia
,Venecia
,Venecia
,Venecia
,Venecia
,Venecia
